"file","name"
"0.txt","刘晓娟"
"1.txt","刘晓娟"
"10.txt","刘晓娟"
"100.txt","刘晓娟"
"1000.txt","刘晓娟"
"1001.txt","刘晓娟"
"1002.txt","刘晓娟"
"1003.txt","刘晓娟"
"1004.txt","刘晓娟"
"1005.txt","刘晓娟"
"1006.txt","刘晓娟"
"1007.txt","刘晓娟"
"1008.txt","刘晓娟"
"1009.txt","刘晓娟"
"101.txt","刘晓娟"
"1010.txt","刘晓娟"
"1011.txt","刘晓娟"
"1012.txt","刘晓娟"
"1013.txt","刘晓娟"
"1014.txt","刘晓娟"
"1015.txt","刘晓娟"
"1016.txt","刘晓娟"
"1017.txt","刘晓娟"
"1018.txt","刘晓娟"
"1019.txt","刘晓娟"
"102.txt","刘晓娟"
"1020.txt","刘晓娟"
"1021.txt","刘晓娟"
"1022.txt","刘晓娟"
"1023.txt","刘晓娟"
"1024.txt","刘晓娟"
"103.txt","刘晓娟"
"104.txt","刘晓娟"
"105.txt","刘晓娟"
"106.txt","刘晓娟"
"107.txt","刘晓娟"
"108.txt","刘晓娟"
"109.txt","刘晓娟"
"11.txt","刘晓娟"
"110.txt","刘晓娟"
"111.txt","刘晓娟"
"112.txt","刘晓娟"
"113.txt","刘晓娟"
"114.txt","刘晓娟"
"115.txt","刘晓娟"
"116.txt","刘晓娟"
"117.txt","刘晓娟"
"118.txt","刘晓娟"
"119.txt","刘晓娟"
"12.txt","刘晓娟"
"120.txt","刘晓娟"
"121.txt","刘晓娟"
"122.txt","刘晓娟"
"123.txt","刘晓娟"
"124.txt","刘晓娟"
"125.txt","刘晓娟"
"126.txt","刘晓娟"
"127.txt","刘晓娟"
"128.txt","刘晓娟"
"129.txt","刘晓娟"
"13.txt","刘晓娟"
"130.txt","刘晓娟"
"131.txt","刘晓娟"
"132.txt","刘晓娟"
"133.txt","刘晓娟"
"134.txt","刘晓娟"
"135.txt","刘晓娟"
"136.txt","刘晓娟"
"137.txt","刘晓娟"
"138.txt","刘晓娟"
"139.txt","刘晓娟"
"14.txt","刘晓娟"
"140.txt","刘晓娟"
"141.txt","刘晓娟"
"142.txt","刘晓娟"
"143.txt","刘晓娟"
"144.txt","刘晓娟"
"145.txt","刘晓娟"
"146.txt","刘晓娟"
"147.txt","刘晓娟"
"148.txt","刘晓娟"
"149.txt","刘晓娟"
"15.txt","刘晓娟"
"150.txt","刘晓娟"
"151.txt","刘晓娟"
"152.txt","刘晓娟"
"153.txt","刘晓娟"
"154.txt","刘晓娟"
"155.txt","刘晓娟"
"156.txt","刘晓娟"
"157.txt","刘晓娟"
"158.txt","刘晓娟"
"159.txt","刘晓娟"
"16.txt","刘晓娟"
"160.txt","刘晓娟"
"161.txt","刘晓娟"
"162.txt","刘晓娟"
"163.txt","刘晓娟"
"164.txt","刘晓娟"
"165.txt","刘晓娟"
"166.txt","刘晓娟"
"167.txt","刘晓娟"
"168.txt","刘晓娟"
"169.txt","刘晓娟"
"17.txt","刘晓娟"
"170.txt","刘晓娟"
"171.txt","刘晓娟"
"172.txt","刘晓娟"
"173.txt","刘晓娟"
"174.txt","刘晓娟"
"175.txt","刘晓娟"
"176.txt","刘晓娟"
"177.txt","刘晓娟"
"178.txt","刘晓娟"
"179.txt","刘晓娟"
"18.txt","刘晓娟"
"180.txt","刘晓娟"
"181.txt","刘晓娟"
"182.txt","刘晓娟"
"183.txt","刘晓娟"
"184.txt","刘晓娟"
"185.txt","刘晓娟"
"186.txt","刘晓娟"
"187.txt","刘晓娟"
"188.txt","刘晓娟"
"189.txt","刘晓娟"
"19.txt","刘晓娟"
"190.txt","刘晓娟"
"191.txt","刘晓娟"
"192.txt","刘晓娟"
"193.txt","刘晓娟"
"194.txt","刘晓娟"
"195.txt","刘晓娟"
"196.txt","刘晓娟"
"197.txt","刘晓娟"
"198.txt","刘晓娟"
"199.txt","刘晓娟"
"2.txt","刘晓娟"
"20.txt","刘晓娟"
"200.txt","刘晓娟"
"201.txt","刘晓娟"
"202.txt","刘晓娟"
"203.txt","刘晓娟"
"204.txt","刘晓娟"
"205.txt","刘晓娟"
"206.txt","刘晓娟"
"207.txt","刘晓娟"
"208.txt","刘晓娟"
"209.txt","刘晓娟"
"21.txt","刘晓娟"
"210.txt","刘晓娟"
"211.txt","刘晓娟"
"212.txt","刘晓娟"
"213.txt","刘晓娟"
"214.txt","刘晓娟"
"215.txt","刘晓娟"
"216.txt","刘晓娟"
"217.txt","刘晓娟"
"218.txt","刘晓娟"
"219.txt","刘晓娟"
"22.txt","刘晓娟"
"220.txt","刘晓娟"
"221.txt","刘晓娟"
"222.txt","刘晓娟"
"223.txt","刘晓娟"
"224.txt","刘晓娟"
"225.txt","刘晓娟"
"226.txt","刘晓娟"
"227.txt","刘晓娟"
"228.txt","刘晓娟"
"229.txt","刘晓娟"
"23.txt","刘晓娟"
"230.txt","刘晓娟"
"231.txt","刘晓娟"
"232.txt","刘晓娟"
"233.txt","刘晓娟"
"234.txt","刘晓娟"
"235.txt","刘晓娟"
"236.txt","刘晓娟"
"237.txt","刘晓娟"
"238.txt","刘晓娟"
"239.txt","刘晓娟"
"24.txt","刘晓娟"
"240.txt","刘晓娟"
"241.txt","刘晓娟"
"242.txt","刘晓娟"
"243.txt","刘晓娟"
"244.txt","刘晓娟"
"245.txt","刘晓娟"
"246.txt","刘晓娟"
"247.txt","刘晓娟"
"248.txt","刘晓娟"
"249.txt","刘晓娟"
"25.txt","刘晓娟"
"250.txt","刘晓娟"
"251.txt","刘晓娟"
"252.txt","刘晓娟"
"253.txt","刘晓娟"
"254.txt","刘晓娟"
"255.txt","刘晓娟"
"256.txt","刘晓娟"
"257.txt","刘晓娟"
"258.txt","刘晓娟"
"259.txt","刘晓娟"
"26.txt","刘晓娟"
"260.txt","刘晓娟"
"261.txt","刘晓娟"
"262.txt","刘晓娟"
"263.txt","刘晓娟"
"264.txt","刘晓娟"
"265.txt","刘晓娟"
"266.txt","刘晓娟"
"267.txt","刘晓娟"
"268.txt","刘晓娟"
"269.txt","刘晓娟"
"27.txt","刘晓娟"
"270.txt","刘晓娟"
"271.txt","刘晓娟"
"272.txt","刘晓娟"
"273.txt","刘晓娟"
"274.txt","刘晓娟"
"275.txt","刘晓娟"
"276.txt","刘晓娟"
"277.txt","刘晓娟"
"278.txt","刘晓娟"
"279.txt","刘晓娟"
"28.txt","刘晓娟"
"280.txt","刘晓娟"
"281.txt","刘晓娟"
"282.txt","刘晓娟"
"283.txt","刘晓娟"
"284.txt","刘晓娟"
"285.txt","刘晓娟"
"286.txt","刘晓娟"
"287.txt","刘晓娟"
"288.txt","刘晓娟"
"289.txt","刘晓娟"
"29.txt","刘晓娟"
"290.txt","刘晓娟"
"291.txt","刘晓娟"
"292.txt","刘晓娟"
"293.txt","刘晓娟"
"294.txt","刘晓娟"
"295.txt","刘晓娟"
"296.txt","刘晓娟"
"297.txt","刘晓娟"
"298.txt","刘晓娟"
"299.txt","刘晓娟"
"3.txt","刘晓娟"
"30.txt","刘晓娟"
"300.txt","刘晓娟"
"301.txt","刘晓娟"
"302.txt","刘晓娟"
"303.txt","刘晓娟"
"304.txt","刘晓娟"
"305.txt","刘晓娟"
"306.txt","刘鸟人"
"307.txt","刘鸟人"
"308.txt","刘鸟人"
"309.txt","刘鸟人"
"31.txt","刘鸟人"
"310.txt","刘鸟人"
"311.txt","刘鸟人"
"312.txt","刘鸟人"
"313.txt","刘鸟人"
"314.txt","刘鸟人"
"315.txt","刘鸟人"
"316.txt","刘鸟人"
"317.txt","刘鸟人"
"318.txt","刘鸟人"
"319.txt","刘鸟人"
"32.txt","刘鸟人"
"320.txt","刘鸟人"
"321.txt","刘鸟人"
"322.txt","刘鸟人"
"323.txt","刘鸟人"
"324.txt","刘鸟人"
"325.txt","刘鸟人"
"326.txt","刘鸟人"
"327.txt","刘鸟人"
"328.txt","刘鸟人"
"329.txt","刘鸟人"
"33.txt","刘鸟人"
"330.txt","刘鸟人"
"331.txt","刘鸟人"
"332.txt","刘鸟人"
"333.txt","刘鸟人"
"334.txt","刘鸟人"
"335.txt","刘鸟人"
"336.txt","刘鸟人"
"337.txt","刘鸟人"
"338.txt","刘鸟人"
"339.txt","刘鸟人"
"34.txt","刘鸟人"
"340.txt","刘鸟人"
"341.txt","刘鸟人"
"342.txt","刘鸟人"
"343.txt","刘鸟人"
"344.txt","刘鸟人"
"345.txt","刘鸟人"
"346.txt","刘鸟人"
"347.txt","刘鸟人"
"348.txt","刘鸟人"
"349.txt","刘鸟人"
"35.txt","刘鸟人"
"350.txt","刘鸟人"
"351.txt","刘鸟人"
"352.txt","刘鸟人"
"353.txt","刘鸟人"
"354.txt","刘鸟人"
"355.txt","刘鸟人"
"356.txt","刘鸟人"
"357.txt","刘鸟人"
"358.txt","刘鸟人"
"359.txt","刘鸟人"
"36.txt","刘鸟人"
"360.txt","刘鸟人"
"361.txt","刘鸟人"
"362.txt","刘鸟人"
"363.txt","刘鸟人"
"364.txt","刘鸟人"
"365.txt","刘鸟人"
"366.txt","刘鸟人"
"367.txt","刘鸟人"
"368.txt","刘鸟人"
"369.txt","刘鸟人"
"37.txt","刘鸟人"
"370.txt","刘鸟人"
"371.txt","刘鸟人"
"372.txt","刘鸟人"
"373.txt","刘鸟人"
"374.txt","刘鸟人"
"375.txt","刘鸟人"
"376.txt","刘鸟人"
"377.txt","刘鸟人"
"378.txt","刘鸟人"
"379.txt","刘鸟人"
"38.txt","刘鸟人"
"380.txt","刘鸟人"
"381.txt","刘鸟人"
"382.txt","刘鸟人"
"383.txt","刘鸟人"
"384.txt","刘鸟人"
"385.txt","刘鸟人"
"386.txt","刘鸟人"
"387.txt","刘鸟人"
"388.txt","刘鸟人"
"389.txt","刘鸟人"
"39.txt","刘鸟人"
"390.txt","刘鸟人"
"391.txt","刘鸟人"
"392.txt","刘鸟人"
"393.txt","刘鸟人"
"394.txt","刘鸟人"
"395.txt","刘鸟人"
"396.txt","刘鸟人"
"397.txt","刘鸟人"
"398.txt","刘鸟人"
"399.txt","刘鸟人"
"4.txt","刘鸟人"
"40.txt","刘鸟人"
"400.txt","刘鸟人"
"401.txt","刘鸟人"
"402.txt","刘鸟人"
"403.txt","刘鸟人"
"404.txt","刘鸟人"
"405.txt","刘鸟人"
"406.txt","刘鸟人"
"407.txt","刘鸟人"
"408.txt","刘鸟人"
"409.txt","刘鸟人"
"41.txt","刘鸟人"
"410.txt","刘鸟人"
"411.txt","刘鸟人"
"412.txt","刘鸟人"
"413.txt","刘鸟人"
"414.txt","刘鸟人"
"415.txt","刘鸟人"
"416.txt","刘鸟人"
"417.txt","刘鸟人"
"418.txt","刘鸟人"
"419.txt","刘鸟人"
"42.txt","刘鸟人"
"420.txt","刘鸟人"
"421.txt","刘鸟人"
"422.txt","刘鸟人"
"423.txt","刘鸟人"
"424.txt","刘鸟人"
"425.txt","刘鸟人"
"426.txt","刘鸟人"
"427.txt","刘鸟人"
"428.txt","刘鸟人"
"429.txt","刘鸟人"
"43.txt","刘鸟人"
"430.txt","刘鸟人"
"431.txt","刘鸟人"
"432.txt","刘鸟人"
"433.txt","刘鸟人"
"434.txt","刘鸟人"
"435.txt","刘鸟人"
"436.txt","刘鸟人"
"437.txt","刘鸟人"
"438.txt","刘鸟人"
"439.txt","刘鸟人"
"44.txt","刘鸟人"
"440.txt","刘鸟人"
"441.txt","刘鸟人"
"442.txt","刘鸟人"
"443.txt","刘鸟人"
"444.txt","刘鸟人"
"445.txt","刘鸟人"
"446.txt","刘鸟人"
"447.txt","刘鸟人"
"448.txt","刘鸟人"
"449.txt","刘鸟人"
"45.txt","刘鸟人"
"450.txt","刘鸟人"
"451.txt","刘鸟人"
"452.txt","刘鸟人"
"453.txt","刘鸟人"
"454.txt","刘鸟人"
"455.txt","刘鸟人"
"456.txt","刘鸟人"
"457.txt","刘鸟人"
"458.txt","刘鸟人"
"459.txt","刘鸟人"
"46.txt","刘鸟人"
"460.txt","刘鸟人"
"461.txt","刘鸟人"
"462.txt","刘鸟人"
"463.txt","刘鸟人"
"464.txt","刘鸟人"
"465.txt","刘鸟人"
"466.txt","刘鸟人"
"467.txt","刘鸟人"
"468.txt","刘鸟人"
"469.txt","刘鸟人"
"47.txt","刘鸟人"
"470.txt","刘鸟人"
"471.txt","刘鸟人"
"472.txt","刘鸟人"
"473.txt","刘鸟人"
"474.txt","刘鸟人"
"475.txt","刘鸟人"
"476.txt","刘鸟人"
"477.txt","刘鸟人"
"478.txt","刘鸟人"
"479.txt","刘鸟人"
"48.txt","刘鸟人"
"480.txt","刘鸟人"
"481.txt","刘鸟人"
"482.txt","刘鸟人"
"483.txt","刘鸟人"
"484.txt","刘鸟人"
"485.txt","刘鸟人"
"486.txt","刘鸟人"
"487.txt","刘鸟人"
"488.txt","刘鸟人"
"489.txt","刘鸟人"
"49.txt","刘鸟人"
"490.txt","刘鸟人"
"491.txt","刘鸟人"
"492.txt","刘鸟人"
"493.txt","刘鸟人"
"494.txt","刘鸟人"
"495.txt","刘鸟人"
"496.txt","刘鸟人"
"497.txt","刘鸟人"
"498.txt","刘鸟人"
"499.txt","刘鸟人"
"5.txt","刘鸟人"
"50.txt","刘鸟人"
"500.txt","刘鸟人"
"501.txt","刘鸟人"
"502.txt","刘鸟人"
"503.txt","刘鸟人"
"504.txt","刘鸟人"
"505.txt","刘鸟人"
"506.txt","刘鸟人"
"507.txt","刘鸟人"
"508.txt","刘鸟人"
"509.txt","刘鸟人"
"51.txt","刘鸟人"
"510.txt","刘鸟人"
"511.txt","刘鸟人"
"512.txt","刘鸟人"
"513.txt","刘鸟人"
"514.txt","刘鸟人"
"515.txt","刘鸟人"
"516.txt","刘鸟人"
"517.txt","刘鸟人"
"518.txt","刘鸟人"
"519.txt","刘鸟人"
"52.txt","刘鸟人"
"520.txt","刘鸟人"
"521.txt","刘鸟人"
"522.txt","刘鸟人"
"523.txt","刘鸟人"
"524.txt","刘鸟人"
"525.txt","刘鸟人"
"526.txt","刘鸟人"
"527.txt","刘鸟人"
"528.txt","刘鸟人"
"529.txt","刘鸟人"
"53.txt","刘鸟人"
"530.txt","刘鸟人"
"531.txt","刘鸟人"
"532.txt","刘鸟人"
"533.txt","刘鸟人"
"534.txt","刘鸟人"
"535.txt","刘鸟人"
"536.txt","刘鸟人"
"537.txt","樊名江"
"538.txt","樊名江"
"539.txt","樊名江"
"54.txt","樊名江"
"540.txt","樊名江"
"541.txt","樊名江"
"542.txt","樊名江"
"543.txt","樊名江"
"544.txt","樊名江"
"545.txt","樊名江"
"546.txt","樊名江"
"547.txt","樊名江"
"548.txt","樊名江"
"549.txt","樊名江"
"55.txt","樊名江"
"550.txt","樊名江"
"551.txt","樊名江"
"552.txt","樊名江"
"553.txt","樊名江"
"554.txt","樊名江"
"555.txt","樊名江"
"556.txt","樊名江"
"557.txt","樊名江"
"558.txt","樊名江"
"559.txt","樊名江"
"56.txt","樊名江"
"560.txt","樊名江"
"561.txt","樊名江"
"562.txt","樊名江"
"563.txt","樊名江"
"564.txt","樊名江"
"565.txt","樊名江"
"566.txt","樊名江"
"567.txt","樊名江"
"568.txt","樊名江"
"569.txt","樊名江"
"57.txt","樊名江"
"570.txt","樊名江"
"571.txt","樊名江"
"572.txt","樊名江"
"573.txt","樊名江"
"574.txt","樊名江"
"575.txt","樊名江"
"576.txt","樊名江"
"577.txt","樊名江"
"578.txt","樊名江"
"579.txt","樊名江"
"58.txt","樊名江"
"580.txt","樊名江"
"581.txt","樊名江"
"582.txt","樊名江"
"583.txt","樊名江"
"584.txt","樊名江"
"585.txt","樊名江"
"586.txt","樊名江"
"587.txt","樊名江"
"588.txt","樊名江"
"589.txt","樊名江"
"59.txt","樊名江"
"590.txt","樊名江"
"591.txt","樊名江"
"592.txt","樊名江"
"593.txt","樊名江"
"594.txt","樊名江"
"595.txt","樊名江"
"596.txt","樊名江"
"597.txt","樊名江"
"598.txt","樊名江"
"599.txt","樊名江"
"6.txt","樊名江"
"60.txt","樊名江"
"600.txt","樊名江"
"601.txt","樊名江"
"602.txt","樊名江"
"603.txt","樊名江"
"604.txt","樊名江"
"605.txt","樊名江"
"606.txt","樊名江"
"607.txt","樊名江"
"608.txt","樊名江"
"609.txt","樊名江"
"61.txt","樊名江"
"610.txt","樊名江"
"611.txt","樊名江"
"612.txt","樊名江"
"613.txt","樊名江"
"614.txt","樊名江"
"615.txt","樊名江"
"616.txt","樊名江"
"617.txt","樊名江"
"618.txt","樊名江"
"619.txt","樊名江"
"62.txt","樊名江"
"620.txt","樊名江"
"621.txt","樊名江"
"622.txt","樊名江"
"623.txt","樊名江"
"624.txt","樊名江"
"625.txt","樊名江"
"626.txt","樊名江"
"627.txt","樊名江"
"628.txt","樊名江"
"629.txt","樊名江"
"63.txt","樊名江"
"630.txt","樊名江"
"631.txt","樊名江"
"632.txt","樊名江"
"633.txt","樊名江"
"634.txt","樊名江"
"635.txt","樊名江"
"636.txt","樊名江"
"637.txt","樊名江"
"638.txt","樊名江"
"639.txt","樊名江"
"64.txt","樊名江"
"640.txt","樊名江"
"641.txt","樊名江"
"642.txt","樊名江"
"643.txt","樊名江"
"644.txt","樊名江"
"645.txt","樊名江"
"646.txt","樊名江"
"647.txt","樊名江"
"648.txt","樊名江"
"649.txt","樊名江"
"65.txt","樊名江"
"650.txt","樊名江"
"651.txt","樊名江"
"652.txt","樊名江"
"653.txt","樊名江"
"654.txt","樊名江"
"655.txt","樊名江"
"656.txt","樊名江"
"657.txt","樊名江"
"658.txt","樊名江"
"659.txt","樊名江"
"66.txt","樊名江"
"660.txt","樊名江"
"661.txt","樊名江"
"662.txt","樊名江"
"663.txt","樊名江"
"664.txt","樊名江"
"665.txt","樊名江"
"666.txt","樊名江"
"667.txt","樊名江"
"668.txt","樊名江"
"669.txt","樊名江"
"67.txt","樊名江"
"670.txt","樊名江"
"671.txt","樊名江"
"672.txt","樊名江"
"673.txt","樊名江"
"674.txt","樊名江"
"675.txt","樊名江"
"676.txt","樊名江"
"677.txt","樊名江"
"678.txt","樊名江"
"679.txt","樊名江"
"68.txt","樊名江"
"680.txt","樊名江"
"681.txt","樊名江"
"682.txt","樊名江"
"683.txt","樊名江"
"684.txt","樊名江"
"685.txt","樊名江"
"686.txt","樊名江"
"687.txt","樊名江"
"688.txt","樊名江"
"689.txt","樊名江"
"69.txt","樊名江"
"690.txt","樊名江"
"691.txt","樊名江"
"692.txt","樊名江"
"693.txt","樊名江"
"694.txt","樊名江"
"695.txt","樊名江"
"696.txt","樊名江"
"697.txt","樊名江"
"698.txt","樊名江"
"699.txt","樊名江"
"7.txt","樊名江"
"70.txt","樊名江"
"700.txt","樊名江"
"701.txt","樊名江"
"702.txt","樊名江"
"703.txt","樊名江"
"704.txt","樊名江"
"705.txt","樊名江"
"706.txt","樊名江"
"707.txt","樊名江"
"708.txt","樊名江"
"709.txt","樊名江"
"71.txt","樊名江"
"710.txt","樊名江"
"711.txt","樊名江"
"712.txt","樊名江"
"713.txt","樊名江"
"714.txt","樊名江"
"715.txt","樊名江"
"716.txt","樊名江"
"717.txt","樊名江"
"718.txt","樊名江"
"719.txt","樊名江"
"72.txt","樊名江"
"720.txt","樊名江"
"721.txt","樊名江"
"722.txt","樊名江"
"723.txt","樊名江"
"724.txt","樊名江"
"725.txt","樊名江"
"726.txt","樊名江"
"727.txt","樊名江"
"728.txt","樊名江"
"729.txt","樊名江"
"73.txt","樊名江"
"730.txt","樊名江"
"731.txt","樊名江"
"732.txt","樊名江"
"733.txt","樊名江"
"734.txt","樊名江"
"735.txt","樊名江"
"736.txt","樊名江"
"737.txt","樊名江"
"738.txt","樊名江"
"739.txt","樊名江"
"74.txt","樊名江"
"740.txt","樊名江"
"741.txt","樊名江"
"742.txt","樊名江"
"743.txt","樊名江"
"744.txt","樊名江"
"745.txt","樊名江"
"746.txt","樊名江"
"747.txt","樊名江"
"748.txt","樊名江"
"749.txt","樊名江"
"75.txt","樊名江"
"750.txt","樊名江"
"751.txt","樊名江"
"752.txt","樊名江"
"753.txt","樊名江"
"754.txt","樊名江"
"755.txt","樊名江"
"756.txt","樊名江"
"757.txt","樊名江"
"758.txt","樊名江"
"759.txt","樊名江"
"76.txt","樊名江"
"760.txt","樊名江"
"761.txt","樊名江"
"762.txt","樊名江"
"763.txt","樊名江"
"764.txt","樊名江"
"765.txt","樊名江"
"766.txt","樊名江"
"767.txt","樊名江"
"768.txt","惠亚梅"
"769.txt","惠亚梅"
"77.txt","惠亚梅"
"770.txt","惠亚梅"
"771.txt","惠亚梅"
"772.txt","惠亚梅"
"773.txt","惠亚梅"
"774.txt","惠亚梅"
"775.txt","惠亚梅"
"776.txt","惠亚梅"
"777.txt","惠亚梅"
"778.txt","惠亚梅"
"779.txt","惠亚梅"
"78.txt","惠亚梅"
"780.txt","惠亚梅"
"781.txt","惠亚梅"
"782.txt","惠亚梅"
"783.txt","惠亚梅"
"784.txt","惠亚梅"
"785.txt","惠亚梅"
"786.txt","惠亚梅"
"787.txt","惠亚梅"
"788.txt","惠亚梅"
"789.txt","惠亚梅"
"79.txt","惠亚梅"
"790.txt","惠亚梅"
"791.txt","惠亚梅"
"792.txt","惠亚梅"
"793.txt","惠亚梅"
"794.txt","惠亚梅"
"795.txt","惠亚梅"
"796.txt","惠亚梅"
"797.txt","惠亚梅"
"798.txt","惠亚梅"
"799.txt","惠亚梅"
"8.txt","惠亚梅"
"80.txt","惠亚梅"
"800.txt","惠亚梅"
"801.txt","惠亚梅"
"802.txt","惠亚梅"
"803.txt","惠亚梅"
"804.txt","惠亚梅"
"805.txt","惠亚梅"
"806.txt","惠亚梅"
"807.txt","惠亚梅"
"808.txt","惠亚梅"
"809.txt","惠亚梅"
"81.txt","惠亚梅"
"810.txt","惠亚梅"
"811.txt","惠亚梅"
"812.txt","惠亚梅"
"813.txt","惠亚梅"
"814.txt","惠亚梅"
"815.txt","惠亚梅"
"816.txt","惠亚梅"
"817.txt","惠亚梅"
"818.txt","惠亚梅"
"819.txt","惠亚梅"
"82.txt","惠亚梅"
"820.txt","惠亚梅"
"821.txt","惠亚梅"
"822.txt","惠亚梅"
"823.txt","惠亚梅"
"824.txt","惠亚梅"
"825.txt","惠亚梅"
"826.txt","惠亚梅"
"827.txt","惠亚梅"
"828.txt","惠亚梅"
"829.txt","惠亚梅"
"83.txt","惠亚梅"
"830.txt","惠亚梅"
"831.txt","惠亚梅"
"832.txt","惠亚梅"
"833.txt","惠亚梅"
"834.txt","惠亚梅"
"835.txt","惠亚梅"
"836.txt","惠亚梅"
"837.txt","惠亚梅"
"838.txt","惠亚梅"
"839.txt","惠亚梅"
"84.txt","惠亚梅"
"840.txt","惠亚梅"
"841.txt","惠亚梅"
"842.txt","惠亚梅"
"843.txt","惠亚梅"
"844.txt","惠亚梅"
"845.txt","惠亚梅"
"846.txt","惠亚梅"
"847.txt","惠亚梅"
"848.txt","惠亚梅"
"849.txt","惠亚梅"
"85.txt","惠亚梅"
"850.txt","惠亚梅"
"851.txt","惠亚梅"
"852.txt","惠亚梅"
"853.txt","惠亚梅"
"854.txt","惠亚梅"
"855.txt","惠亚梅"
"856.txt","惠亚梅"
"857.txt","惠亚梅"
"858.txt","惠亚梅"
"859.txt","惠亚梅"
"86.txt","惠亚梅"
"860.txt","惠亚梅"
"861.txt","惠亚梅"
"862.txt","惠亚梅"
"863.txt","惠亚梅"
"864.txt","惠亚梅"
"865.txt","惠亚梅"
"866.txt","惠亚梅"
"867.txt","惠亚梅"
"868.txt","惠亚梅"
"869.txt","惠亚梅"
"87.txt","惠亚梅"
"870.txt","惠亚梅"
"871.txt","惠亚梅"
"872.txt","惠亚梅"
"873.txt","惠亚梅"
"874.txt","惠亚梅"
"875.txt","惠亚梅"
"876.txt","惠亚梅"
"877.txt","惠亚梅"
"878.txt","惠亚梅"
"879.txt","惠亚梅"
"88.txt","惠亚梅"
"880.txt","惠亚梅"
"881.txt","惠亚梅"
"882.txt","惠亚梅"
"883.txt","惠亚梅"
"884.txt","惠亚梅"
"885.txt","惠亚梅"
"886.txt","惠亚梅"
"887.txt","惠亚梅"
"888.txt","惠亚梅"
"889.txt","惠亚梅"
"89.txt","惠亚梅"
"890.txt","惠亚梅"
"891.txt","惠亚梅"
"892.txt","惠亚梅"
"893.txt","惠亚梅"
"894.txt","惠亚梅"
"895.txt","惠亚梅"
"896.txt","惠亚梅"
"897.txt","惠亚梅"
"898.txt","惠亚梅"
"899.txt","惠亚梅"
"9.txt","惠亚梅"
"90.txt","惠亚梅"
"900.txt","惠亚梅"
"901.txt","惠亚梅"
"902.txt","惠亚梅"
"903.txt","惠亚梅"
"904.txt","惠亚梅"
"905.txt","惠亚梅"
"906.txt","惠亚梅"
"907.txt","惠亚梅"
"908.txt","惠亚梅"
"909.txt","惠亚梅"
"91.txt","惠亚梅"
"910.txt","惠亚梅"
"911.txt","惠亚梅"
"912.txt","惠亚梅"
"913.txt","惠亚梅"
"914.txt","惠亚梅"
"915.txt","惠亚梅"
"916.txt","惠亚梅"
"917.txt","惠亚梅"
"918.txt","惠亚梅"
"919.txt","惠亚梅"
"92.txt","惠亚梅"
"920.txt","惠亚梅"
"921.txt","惠亚梅"
"922.txt","惠亚梅"
"923.txt","惠亚梅"
"924.txt","惠亚梅"
"925.txt","惠亚梅"
"926.txt","惠亚梅"
"927.txt","惠亚梅"
"928.txt","惠亚梅"
"929.txt","惠亚梅"
"93.txt","惠亚梅"
"930.txt","惠亚梅"
"931.txt","惠亚梅"
"932.txt","惠亚梅"
"933.txt","惠亚梅"
"934.txt","惠亚梅"
"935.txt","惠亚梅"
"936.txt","惠亚梅"
"937.txt","惠亚梅"
"938.txt","惠亚梅"
"939.txt","惠亚梅"
"94.txt","惠亚梅"
"940.txt","惠亚梅"
"941.txt","惠亚梅"
"942.txt","惠亚梅"
"943.txt","惠亚梅"
"944.txt","惠亚梅"
"945.txt","惠亚梅"
"946.txt","惠亚梅"
"947.txt","惠亚梅"
"948.txt","惠亚梅"
"949.txt","惠亚梅"
"95.txt","惠亚梅"
"950.txt","惠亚梅"
"951.txt","惠亚梅"
"952.txt","惠亚梅"
"953.txt","惠亚梅"
"954.txt","惠亚梅"
"955.txt","惠亚梅"
"956.txt","惠亚梅"
"957.txt","惠亚梅"
"958.txt","惠亚梅"
"959.txt","惠亚梅"
"96.txt","惠亚梅"
"960.txt","惠亚梅"
"961.txt","惠亚梅"
"962.txt","惠亚梅"
"963.txt","惠亚梅"
"964.txt","惠亚梅"
"965.txt","惠亚梅"
"966.txt","惠亚梅"
"967.txt","惠亚梅"
"968.txt","惠亚梅"
"969.txt","惠亚梅"
"97.txt","惠亚梅"
"970.txt","惠亚梅"
"971.txt","惠亚梅"
"972.txt","惠亚梅"
"973.txt","惠亚梅"
"974.txt","惠亚梅"
"975.txt","惠亚梅"
"976.txt","惠亚梅"
"977.txt","惠亚梅"
"978.txt","惠亚梅"
"979.txt","惠亚梅"
"98.txt","惠亚梅"
"980.txt","惠亚梅"
"981.txt","惠亚梅"
"982.txt","惠亚梅"
"983.txt","惠亚梅"
"984.txt","惠亚梅"
"985.txt","惠亚梅"
"986.txt","惠亚梅"
"987.txt","惠亚梅"
"988.txt","惠亚梅"
"989.txt","惠亚梅"
"99.txt","惠亚梅"
"990.txt","惠亚梅"
"991.txt","惠亚梅"
"992.txt","惠亚梅"
"993.txt","惠亚梅"
"994.txt","惠亚梅"
"995.txt","惠亚梅"
"996.txt","惠亚梅"
"997.txt","惠亚梅"
"998.txt","惠亚梅"
"999.txt","刘晓娟"
